<?xml version="1.0" encoding="UTF-8"?>
<Inventory>
	<Item Id="ABC123">
        <Price>550</Price>     
    </Item>
    <Item Id="CR2023">
        <Price>240</Price>     
    </Item>
    <Item Id="CTI1982">
        <Price>910</Price>     
    </Item>
    <Item Id="E241i">
        <Price>10400</Price>     
    </Item>
    <Item Id="JBL3100">
        <Price>180</Price>     
    </Item>
    <Item Id="MM35P">
        <Price>1950</Price>     
    </Item>
    <Item Id="PL123_C">
        <Price>440</Price>     
    </Item>
    <Item Id="PU238">
        <Price>2200</Price>     
    </Item>
    <Item Id="RL123A">
        <Price>360</Price>     
    </Item>
    <Item Id="RTF110">
        <Price>715</Price>     
    </Item>
    <Item Id="RX100-3">
        <Price>642</Price>     
    </Item>
    <Item Id="SN-241-L">
        <Price>620</Price>     
    </Item>
    <Item Id="SR71-D">
        <Price>1600</Price>     
    </Item>
    <Item Id="XLK200B">
        <Price>820</Price>     
    </Item>
    <Item Id="XTP202">
        <Price>345</Price>     
    </Item>
    <Item Id="ZTF109">
        <Price>1100</Price>     
    </Item>
	
	
</Inventory>